Cluster,WaterUsage
0,1501.1254614119957
1,1526.2230834544362
2,1512.340014773521
